{
  "annotations": {
    "list": [
      {
        "builtIn": 1,
        "datasource": "-- Grafana --",
        "enable": true,
        "hide": true,
        "iconColor": "rgba(0, 211, 255, 1)",
        "name": "Annotations & Alerts",
        "target": {
          "limit": 100,
          "matchAny": false,
          "tags": [],
          "type": "dashboard"
        },
        "type": "dashboard"
      }
    ]
  },
  "editable": true,
  "fiscalYearStartMonth": 0,
  "graphTooltip": 0,
  "links": [],
  "liveNow": false,
  "panels": [
    {
      "fieldConfig": {
        "defaults": {
          "color": {
            "mode": "continuous-GrYlRd"
          },
          "custom": {
            "fillOpacity": 25,
            "gradientMode": "scheme"
          },
          "mappings": [],
          "thresholds": {
            "mode": "absolute",
            "steps": [
              {
                "color": "green",
                "value": null
              },
              {
                "color": "red",
                "value": 80
              }
            ]
          }
        },
        "overrides": []
      },
      "gridPos": {
        "h": 12,
        "w": 12,
        "x": 0,
        "y": 0
      },
      "id": 6,
      "options": {
        "legend": {
          "displayMode": "list",
          "placement": "bottom"
        },
        "seriesCountSize": "sm",
        "showSeriesCount": false,
        "text": "Default value of text input option"
      },
      "targets": [
        {
          "datasource": {
            "type": "marcusolsson-static-datasource",
            "uid": "P1D2C73DC01F2359B"
          },
          "frame": {
            "fields": [
              {
                "config": {},
                "name": "time",
                "type": "time",
                "values": [
                  1643313600000,
                  1643317200000,
                  1643320800000,
                  1643324400000,
                  1643328000000,
                  1643331600000,
                  1643335200000,
                  1643338800000,
                  1643342400000,
                  1643346000000,
                  1643349600000,
                  1643353200000,
                  1643356800000,
                  1643360400000,
                  1643364000000,
                  1643367600000,
                  1643371200000,
                  1643374800000,
                  1643378400000,
                  1643382000000,
                  1643385600000,
                  1643389200000,
                  1643392800000,
                  1643396400000,
                  1643400000000,
                  1643403600000,
                  1643407200000,
                  1643410800000,
                  1643414400000,
                  1643418000000,
                  1643421600000,
                  1643425200000,
                  1643428800000,
                  1643432400000,
                  1643436000000,
                  1643439600000,
                  1643443200000,
                  1643446800000,
                  1643450400000,
                  1643454000000,
                  1643457600000,
                  1643461200000,
                  1643464800000,
                  1643468400000,
                  1643472000000,
                  1643475600000,
                  1643479200000,
                  1643482800000,
                  1643486400000,
                  1643490000000,
                  1643493600000,
                  1643497200000,
                  1643500800000,
                  1643504400000,
                  1643508000000,
                  1643511600000,
                  1643515200000,
                  1643518800000,
                  1643522400000,
                  1643526000000,
                  1643529600000,
                  1643533200000,
                  1643536800000,
                  1643540400000,
                  1643544000000,
                  1643547600000,
                  1643551200000,
                  1643554800000,
                  1643558400000,
                  1643562000000,
                  1643565600000,
                  1643569200000,
                  1643572800000,
                  1643576400000,
                  1643580000000,
                  1643583600000,
                  1643587200000,
                  1643590800000,
                  1643594400000,
                  1643598000000,
                  1643601600000,
                  1643605200000,
                  1643608800000,
                  1643612400000,
                  1643616000000,
                  1643619600000,
                  1643623200000,
                  1643626800000,
                  1643630400000,
                  1643634000000,
                  1643637600000,
                  1643641200000,
                  1643644800000,
                  1643648400000,
                  1643652000000,
                  1643655600000,
                  1643659200000,
                  1643662800000,
                  1643666400000,
                  1643670000000
                ]
              },
              {
                "config": {},
                "name": "temperature",
                "type": "number",
                "values": [
                  99,
                  48,
                  83,
                  69,
                  44,
                  43,
                  99,
                  48,
                  95,
                  3,
                  63,
                  23,
                  59,
                  71,
                  16,
                  16,
                  3,
                  43,
                  98,
                  43,
                  36,
                  94,
                  87,
                  67,
                  15,
                  26,
                  24,
                  62,
                  42,
                  58,
                  60,
                  64,
                  54,
                  19,
                  22,
                  63,
                  52,
                  61,
                  62,
                  89,
                  32,
                  3,
                  90,
                  42,
                  78,
                  59,
                  48,
                  60,
                  73,
                  33,
                  88,
                  81,
                  65,
                  94,
                  92,
                  60,
                  30,
                  54,
                  56,
                  94,
                  16,
                  8,
                  74,
                  43,
                  87,
                  92,
                  10,
                  41,
                  83,
                  51,
                  65,
                  29,
                  10,
                  91,
                  75,
                  17,
                  78,
                  20,
                  3,
                  44,
                  67,
                  61,
                  21,
                  11,
                  95,
                  49,
                  59,
                  21,
                  4,
                  4,
                  15,
                  84,
                  18,
                  10,
                  57,
                  84,
                  59,
                  99,
                  58,
                  70
                ]
              }
            ],
            "name": "Dataframe example"
          },
          "refId": "A"
        }
      ],
      "title": "Basic Panel",
      "type": "basic-panel"
    }
  ],
  "refresh": false,
  "schemaVersion": 35,
  "style": "dark",
  "tags": [],
  "templating": {
    "list": []
  },
  "time": {
    "from": "2022-01-27T20:00:00.000Z",
    "to": "2022-01-31T23:00:00.000Z"
  },
  "timepicker": {},
  "timezone": "",
  "title": "Basic Panel Example",
  "uid": "O4tc_E6Gz",
  "version": 1,
  "weekStart": ""
}