{
  "$schema": "https://raw.githubusercontent.com/grafana/grafana/master/docs/sources/developers/plugins/plugin.schema.json",
  "type": "panel",
  "name": "Random String Generator",
  "id": "basic-panel",
  "info": {
    "keywords": ["panel", "example"],
    "description": "Showcase how to build a basic panel plugin",
    "author": {
      "name": "Your Name"
    },
    "logos": {
      "small": "img/logo.svg",
      "large": "img/logo.svg"
    },
    "links": [
      {
        "name": "Website",
        "url": "https://github.com/grafana/grafana-plugin-examples/examples/basic-panel"
      },
      {
        "name": "License",
        "url": "https://github.com/grafana/grafana-plugin-examples/examples/basic-panel/blob/master/LICENSE"
      }
    ],
    "screenshots": [],
    "version": "%VERSION%",
    "updated": "%TODAY%"
  },
  "dependencies": {
    "grafanaDependency": ">=9.1.2",
    "plugins": []
  }
}
